split,count,age_mean,age_std,male_ratio,female_ratio,age_mean_delta_vs_all,age_std_delta_vs_all
test,3556,33.21147357,19.88165897,0.514341957,0.485658043,0.089433416,0.003629689
train,16593,33.23973965,19.89590871,0.524799614,0.475200386,0.061167332,0.010620056
val,3556,33.67575928,19.83511298,0.521372328,0.478627672,0.374852298,0.050175672
