split,count,age_mean,age_std,male_ratio,female_ratio,age_mean_delta_vs_all,age_std_delta_vs_all
test,3556,33.211473565804276,19.881658967385505,0.514341957255343,0.4856580427446569,0.08943341584516418,0.003629688695482969
train,16593,33.239739649249685,19.89590871238481,0.5247996142951847,0.47520038570481526,0.061167332399755026,0.010620056303821457
val,3556,33.67575928008999,19.835112984317963,0.5213723284589427,0.47862767154105734,0.3748522984405511,0.050175671763025065
